{"directed": true, "graph": [], "nodes": [{"group": 0, "comm_size": 3, "sentiment": [5.5085194593451048, 0.40811759062274955], "density": 1.0, "topics": {"0": [["love", 0.008637779665817103], ["justinmanduke", 0.007221750212404464], ["ucla", 0.007221750212404464], ["24", 0.007221750212404464], ["followers", 0.007221750212404464]], "1": [["check", 0.02858303982660544], ["twitter", 0.01910051476564629], ["medallia", 0.016391221891086532], ["im", 0.010972636141967017], ["jobs", 0.008263343267407259]], "2": [["account", 0.026631344116006865], ["followers", 0.026631344116006865], ["5000", 0.025237032905744725], ["twitter", 0.014082543223647609], ["job", 0.014082543223647609]]}, "hashtags": ["#gobruins", "#worldcup", "#winning"], "modularity": 0.26254158477356199, "most_connected": ["@JustinManduke", "@evanseder8", "@camisetasbrasil"], "mentioned": ["@clarisselarued", "@DC2forlife", "@RealHumanPraise"], "id": "0-4", "name": "0-4"}, {"group": 0, "comm_size": 6, "sentiment": [5.5315319618315151, 0.40411338964862492], "density": 1.0, "topics": {"0": [["good", 0.013027456272382608], ["home", 0.007837234649919415], ["love", 0.007318212487673097], ["fans", 0.00628016816318046], ["season", 0.00576114600093414]], "1": [["work", 0.010001570927370612], ["win", 0.007383358642718618], ["san", 0.0063360737288578215], ["guy", 0.005812431271927423], ["today", 0.005812431271927423]], "2": [["time", 0.012626394928485154], ["people", 0.010530727720437826], ["free", 0.0073872269083668325], ["make", 0.006339393304343168], ["game", 0.006339393304343168]]}, "hashtags": ["#lfc", "#udistrictstreetfair", "#seattle"], "modularity": 0.26254158477356199, "most_connected": ["@justmytwospence", "@poya_yov", "@KRDooley"], "mentioned": ["@wordpressdotcom", "@usfmanagement", "@electionexpress"], "id": "0-0", "name": "0-0"}, {"group": 0, "comm_size": 5, "sentiment": [5.5384820659842893, 0.35270082944027153], "density": 1.0, "topics": {"0": [["zipfianacademy", 0.039221346970758485], ["learning", 0.014063595496349784], ["love", 0.01076421825380438], ["learn", 0.009526951787849854], ["women", 0.007464841011258976]], "1": [["sfdatascience", 0.01353459543787129], ["ryanorban", 0.012269679976387992], ["scientist", 0.011848041489226893], ["machine", 0.010583126027743594], ["great", 0.008896572079099198]], "2": [["data", 0.06938710065338384], ["science", 0.022888523670180343], ["immersive", 0.008057081011744745], ["academy", 0.0076562312101654045], ["today", 0.0076562312101654045]]}, "hashtags": ["#bigdata", "#sfdatascience", "#datascience"], "modularity": 0.26254158477356199, "most_connected": ["@ZipfianAcademy", "@ryanorban", "@kf"], "mentioned": ["@ZipfianAcademy", "@adailyventure", "@Uber"], "id": "0-1", "name": "0-1"}, {"group": 0, "comm_size": 3, "sentiment": [5.4585476888853197, 0.4285464720645859], "density": 1.0, "topics": {"0": [["day", 0.009472429584091223], ["nytimes", 0.006335863496643798], ["years", 0.006335863496643798], ["american", 0.005708550279154312], ["today", 0.0050812370616648275]], "1": [["good", 0.008021554099565145], ["year", 0.0061845569775273255], ["thing", 0.005572224603514719], ["sheehan", 0.005572224603514719], ["love", 0.004347559855489506]], "2": [["people", 0.01212621420862153], ["great", 0.01212621420862153], ["time", 0.009586692908386653], ["world", 0.006412291283093059], ["man", 0.006412291283093059]]}, "hashtags": ["#sfbatkid", "#worldseries", "#winning"], "modularity": 0.26254158477356199, "most_connected": ["@Belk95", "@CDO_SQUARED", "@CoolQuotz"], "mentioned": ["@dasan", "@neelkashkari", "@conorsen"], "id": "0-2", "name": "0-2"}, {"group": 0, "comm_size": 3, "sentiment": [5.5746797108065476, 0.43825902438987507], "density": 0.6666666666666666, "topics": {"0": [["dispatch", 0.02275096584288931], ["sacramento", 0.020298031520205827], ["time", 0.010486294229471893], ["day", 0.010486294229471893], ["oc", 0.009873060648801021]], "1": [["miylgice9s", 0.1099257001333578], ["eagles", 0.02483012637327724], ["lol", 0.022289959992379312], ["bee", 0.015939544040134493], ["world", 0.0076840033022162295]], "2": [["kansascitystar", 0.039199332777313974], ["columbus", 0.018027843715916904], ["sentinel", 0.013536921793802371], ["orlando", 0.013536921793802371], ["year", 0.012253801244626793]]}, "hashtags": ["#sdcc", "#flyeaglesfly", "#eagles"], "modularity": 0.26254158477356199, "most_connected": ["@brianjacob21", "@BigDaddyKiang", "@BusNewsZap"], "mentioned": ["@austinjwen", "@realmonaghan", "@DeSeanJackson10"], "id": "0-3", "name": "0-3"}, {"group": 1, "comm_size": 5, "sentiment": [5.5384820659842893, 0.35270082944027153], "density": 1.0, "topics": {"0": [["data", 0.07156196606667324], ["science", 0.022688441212698737], ["sfdatascience", 0.013152143680215906], ["great", 0.009178686375014726], ["immersive", 0.007986649183454372]], "1": [["zipfianacademy", 0.0350618856210444], ["learning", 0.013571059020177231], ["scientist", 0.011183189397858657], ["love", 0.0103872328570858], ["machine", 0.009989254586699371]], "2": [["zipfian", 0.009771410885616822], ["ryanorban", 0.008887120307732947], ["week", 0.008444975018791009], ["program", 0.007560684440907134], ["big", 0.007118539151965197]]}, "hashtags": ["#bigdata", "#sfdatascience", "#datascience"], "modularity": 0.30303994805883216, "most_connected": ["@ZipfianAcademy", "@ryanorban", "@kf"], "mentioned": ["@ZipfianAcademy", "@adailyventure", "@Uber"], "id": "1-1", "name": "1-1"}, {"group": 1, "comm_size": 6, "sentiment": [5.5315319618315151, 0.40411338964862492], "density": 1.0, "topics": {"0": [["game", 0.007808863836168863], ["fans", 0.0062574339349432614], ["work", 0.0062574339349432614], ["free", 0.0062574339349432614], ["run", 0.005740290634534727]], "1": [["good", 0.012862251160804602], ["home", 0.008058920851790434], ["time", 0.006991514116453953], ["acjachemem", 0.006457810748785713], ["make", 0.006457810748785713]], "2": [["love", 0.007276668214893826], ["season", 0.00624451669505073], ["today", 0.00624451669505073], ["guy", 0.005728440935129182], ["team", 0.005212365175207634]]}, "hashtags": ["#lfc", "#udistrictstreetfair", "#seattle"], "modularity": 0.30303994805883216, "most_connected": ["@justmytwospence", "@poya_yov", "@KRDooley"], "mentioned": ["@wordpressdotcom", "@usfmanagement", "@electionexpress"], "id": "1-0", "name": "1-0"}, {"group": 1, "comm_size": 9, "sentiment": [5.5148991242417251, 0.4318918126841953], "density": 0.6111111111111112, "topics": {"0": [["man", 0.006246113078982081], ["miylgice9s", 0.006246113078982081], ["today", 0.005705324067814801], ["women", 0.005164535056647521], ["phillies", 0.0043533515398966015]], "1": [["kansascitystar", 0.016022867332756038], ["lol", 0.01025358613274568], ["eagles", 0.01025358613274568], ["dispatch", 0.009729106023653828], ["day", 0.009729106023653828]], "2": [["miylgice9s", 0.03831720828121326], ["time", 0.009981364715492595], ["columbus", 0.0094708089755697], ["sacramento", 0.008704975365685359], ["twitter", 0.007683863885839569]]}, "hashtags": ["#sfbatkid", "#winning", "#sdcc"], "modularity": 0.30303994805883216, "most_connected": ["@Belk95", "@CDO_SQUARED", "@evanseder8"], "mentioned": ["@BillSimmons", "@dasan", "@neelkashkari"], "id": "1-2", "name": "1-2"}, {"followers_count": 23, "description": "Under Construction.", "name": "Dan Saber", "friends_count": 54, "id": 625183821, "group": 9, "comm_size": 2}], "links": [{"source": 0, "target": 7, "value": 1}, {"source": 1, "target": 6, "value": 1}, {"source": 2, "target": 5, "value": 1}, {"source": 3, "target": 7, "value": 1}, {"source": 4, "target": 7, "value": 1}, {"source": 5, "target": 8, "value": 1}, {"source": 6, "target": 8, "value": 1}, {"source": 7, "target": 8, "value": 1}], "multigraph": false}
